{
	"studenti": [{
			"student_id": "1",
			"student_ime": "Leo",
			"student_prezime": "Jovanovic",
			"student_spol": "Muško",
			"student_smjer": "Računarstvo",
			"student_godina": "2",
			"student_smjestaj": "ne"
		},
		{
			"student_id": "2",
			"student_ime": "Marija",
			"student_prezime": "Peric",
			"student_spol": "Žensko",
			"student_smjer": "Ekonomika",
			"student_godina": "1",
			"student_smjestaj": "da"
		},
		{
			"student_id": "3",
			"student_ime": "Anton",
			"student_prezime": "Jezic",
			"student_spol": "Muško",
			"student_smjer": "Turizam",
			"student_godina": "2",
			"student_smjestaj": "ne"
		},
		{
			"student_id": "4",
			"student_ime": "Anita",
			"student_prezime": "Rikardic",
			"student_spol": "Žensko",
			"student_smjer": "Racunarstvo",
			"student_godina": "3",
			"student_smjestaj": "da"
		},
		{
			"student_id": "5",
			"student_ime": "Bernard",
			"student_prezime": "Bokanovic",
			"student_spol": "Muško",
			"student_smjer": "Elektrotehnika",
			"student_godina": "3",
			"student_smjestaj": "da"
		},
		{
			"student_id": "6",
			"student_ime": "Florijan",
			"student_prezime": "Kosar",
			"student_spol": "Muško",
			"student_smjer": "Turizam",
			"student_godina": "2",
			"student_smjestaj": "da"
		},
		{
			"student_id": "7",
			"student_ime": "Ratko",
			"student_prezime": "Kosar",
			"student_spol": "Muško",
			"student_smjer": "Elektrotehnika",
			"student_godina": "3",
			"student_smjestaj": "da"
		},
		{
			"student_id": "8",
			"student_ime": "Ivana",
			"student_prezime": "Franic",
			"student_spol": "Žensko",
			"student_smjer": "Racunarstvo",
			"student_godina": "1",
			"student_smjestaj": "da"
		},
		{
			"student_id": "9",
			"student_ime": "Mandica",
			"student_prezime": "Dragovic",
			"student_spol": "Žensko",
			"student_smjer": "Ekonomika",
			"student_godina": "2",
			"student_smjestaj": "da"
		},
		{
			"student_id": "10",
			"student_ime": "Nela",
			"student_prezime": "Stjepanic",
			"student_spol": "Žensko",
			"student_smjer": "Elektrotehnika",
			"student_godina": "3",
			"student_smjestaj": "da"
		},
		{
			"student_id": "11",
			"student_ime": "Pavica",
			"student_prezime": "Marjanovic",
			"student_spol": "Žensko",
			"student_smjer": "Racunarstvo",
			"student_godina": "1",
			"student_smjestaj": "ne"
		},
		{
			"student_id": "12",
			"student_ime": "Pavle",
			"student_prezime": "Jugovec",
			"student_spol": "Muško",
			"student_smjer": "Ekonomika",
			"student_godina": "1",
			"student_smjestaj": "da"
		},
		{
			"student_id": "13",
			"student_ime": "Ivka",
			"student_prezime": "Stojanovic",
			"student_spol": "Žensko",
			"student_smjer": "Elektrotehnika",
			"student_godina": "1",
			"student_smjestaj": "da"
		},
		{
			"student_id": "14",
			"student_ime": "Magda",
			"student_prezime": "Zoric",
			"student_spol": "Žensko",
			"student_smjer": "Turizam",
			"student_godina": "2",
			"student_smjestaj": "da"
		},
		{
			"student_id": "15",
			"student_ime": "Zdenko",
			"student_prezime": "Bogdanovic",
			"student_spol": "Muško",
			"student_smjer": "Racunarstvo",
			"student_godina": "2",
			"student_smjestaj": "da"
		},
		{
			"student_id": "16",
			"student_ime": "Mare",
			"student_prezime": "Bozic",
			"student_spol": "Muško",
			"student_smjer": "Ekonomika",
			"student_godina": "1",
			"student_smjestaj": "da"
		},
		{
			"student_id": "17",
			"student_ime": "Nada",
			"student_prezime": "Knezevic",
			"student_spol": "Žensko",
			"student_smjer": "Turizam",
			"student_godina": "1",
			"student_smjestaj": "da"
		},
		{
			"student_id": "18",
			"student_ime": "Ljuban",
			"student_prezime": "Kolar",
			"student_spol": "Muško",
			"student_smjer": "Elektrotehnika",
			"student_godina": "3",
			"student_smjestaj": "da"
		},
		{
			"student_id": "19",
			"student_ime": "Dominik",
			"student_prezime": "Kovac",
			"student_spol": "Muško",
			"student_smjer": "Turizam",
			"student_godina": "1",
			"student_smjestaj": "da"
		},
		{
			"student_id": "20",
			"student_ime": "Barbara",
			"student_prezime": "Kosar",
			"student_spol": "Žensko",
			"student_smjer": "Elektrotehnika",
			"student_godina": "3",
			"student_smjestaj": "da"
		},
		{
			"student_id": "21",
			"student_ime": "Lada",
			"student_prezime": "Simic",
			"student_spol": "Žensko",
			"student_smjer": "Turizam",
			"student_godina": "2",
			"student_smjestaj": "da"
		},
		{
			"student_id": "22",
			"student_ime": "Durad",
			"student_prezime": "Broz",
			"student_spol": "Muško",
			"student_smjer": "Racunarstvo",
			"student_godina": "3",
			"student_smjestaj": "ne"
		},
		{
			"student_id": "23",
			"student_ime": "Kristijan",
			"student_prezime": "Kolaric",
			"student_spol": "Muško",
			"student_smjer": "Racunarstvo",
			"student_godina": "1",
			"student_smjestaj": "da"
		},
		{
			"student_id": "24",
			"student_ime": "Marijeta",
			"student_prezime": "Perkovic",
			"student_spol": "Žensko",
			"student_smjer": "Ekonomika",
			"student_godina": "3",
			"student_smjestaj": "da"
		},
		{
			"student_id": "25",
			"student_ime": "Draga",
			"student_prezime": "Golub",
			"student_spol": "Žensko",
			"student_smjer": "Ekonomika",
			"student_godina": "1",
			"student_smjestaj": "da"
		},
		{
			"student_id": "26",
			"student_ime": "Mirica",
			"student_prezime": "Medved",
			"student_spol": "Žensko",
			"student_smjer": "Elektrotehnika",
			"student_godina": "2",
			"student_smjestaj": "da"
		},
		{
			"student_id": "27",
			"student_ime": "Nikica",
			"student_prezime": "Marinovic",
			"student_spol": "Muško",
			"student_smjer": "Turizam",
			"student_godina": "2",
			"student_smjestaj": "da"
		},
		{
			"student_id": "28",
			"student_ime": "Milana",
			"student_prezime": "Kovacic",
			"student_spol": "Žensko",
			"student_smjer": "Elektrotehnika",
			"student_godina": "1",
			"student_smjestaj": "da"
		},
		{
			"student_id": "29",
			"student_ime": "Milica",
			"student_prezime": "Mihaljevic",
			"student_spol": "Žensko",
			"student_smjer": "Ekonomika",
			"student_godina": "1",
			"student_smjestaj": "ne"
		},
		{
			"student_id": "30",
			"student_ime": "Vanesa",
			"student_prezime": "Kosar",
			"student_spol": "Žensko",
			"student_smjer": "Elektrotehnika",
			"student_godina": "3",
			"student_smjestaj": "da"
		},
		{
			"student_id": "31",
			"student_ime": "Iva",
			"student_prezime": "Tomic",
			"student_spol": "Žensko",
			"student_smjer": "Ekonomika",
			"student_godina": "1",
			"student_smjestaj": "da"
		},
		{
			"student_id": "32",
			"student_ime": "Goran",
			"student_prezime": "Novak",
			"student_spol": "Muško",
			"student_smjer": "Ekonomika",
			"student_godina": "3",
			"student_smjestaj": "da"
		},
		{
			"student_id": "33",
			"student_ime": "Nedeljko",
			"student_prezime": "Tomcic",
			"student_spol": "Muško",
			"student_smjer": "Turizam",
			"student_godina": "3",
			"student_smjestaj": "da"
		},
		{
			"student_id": "34",
			"student_ime": "Elizabeta",
			"student_prezime": "Perkovic",
			"student_spol": "Žensko",
			"student_smjer": "Turizam",
			"student_godina": "3",
			"student_smjestaj": "da"
		},
		{
			"student_id": "35",
			"student_ime": "Jerko",
			"student_prezime": "Matic",
			"student_spol": "Muško",
			"student_smjer": "Elektrotehnika",
			"student_godina": "2",
			"student_smjestaj": "da"
		},
		{
			"student_id": "36",
			"student_ime": "Borna",
			"student_prezime": "Vukoja",
			"student_spol": "Muško",
			"student_smjer": "Racunarstvo",
			"student_godina": "3",
			"student_smjestaj": "ne"
		},
		{
			"student_id": "37",
			"student_ime": "Aleksandra",
			"student_prezime": "Vinkovic",
			"student_spol": "Žensko",
			"student_smjer": "Racunarstvo",
			"student_godina": "2",
			"student_smjestaj": "da"
		},
		{
			"student_id": "38",
			"student_ime": "Mara",
			"student_prezime": "Pavic",
			"student_spol": "Žensko",
			"student_smjer": "Elektrotehnika",
			"student_godina": "2",
			"student_smjestaj": "ne"
		},
		{
			"student_id": "39",
			"student_ime": "Andrija",
			"student_prezime": "Matijevic",
			"student_spol": "Muško",
			"student_smjer": "Racunarstvo",
			"student_godina": "1",
			"student_smjestaj": "da"
		},
		{
			"student_id": "40",
			"student_ime": "Ljubica",
			"student_prezime": "Mihaljevic",
			"student_spol": "Žensko",
			"student_smjer": "Ekonomika",
			"student_godina": "3",
			"student_smjestaj": "da"
		},
		{
			"student_id": "41",
			"student_ime": "Miroslava",
			"student_prezime": "Ivankovic",
			"student_spol": "Žensko",
			"student_smjer": "Racunarstvo",
			"student_godina": "3",
			"student_smjestaj": "da"
		},
		{
			"student_id": "42",
			"student_ime": "Iskra",
			"student_prezime": "Babic",
			"student_spol": "Žensko",
			"student_smjer": "Racunarstvo",
			"student_godina": "1",
			"student_smjestaj": "da"
		},
		{
			"student_id": "43",
			"student_ime": "Mirka",
			"student_prezime": "Petrovic",
			"student_spol": "Žensko",
			"student_smjer": "Ekonomika",
			"student_godina": "1",
			"student_smjestaj": "da"
		},
		{
			"student_id": "44",
			"student_ime": "Amalija",
			"student_prezime": "Lovric",
			"student_spol": "Žensko",
			"student_smjer": "Elektrotehnika",
			"student_godina": "3",
			"student_smjestaj": "da"
		},
		{
			"student_id": "45",
			"student_ime": "Ivica",
			"student_prezime": "Simic",
			"student_spol": "Muško",
			"student_smjer": "Elektrotehnika",
			"student_godina": "3",
			"student_smjestaj": "ne"
		},
		{
			"student_id": "46",
			"student_ime": "Slavica",
			"student_prezime": "Cosic",
			"student_spol": "Žensko",
			"student_smjer": "Ekonomika",
			"student_godina": "1",
			"student_smjestaj": "da"
		},
		{
			"student_id": "47",
			"student_ime": "Miodrag",
			"student_prezime": "Jankovic",
			"student_spol": "Muško",
			"student_smjer": "Elektrotehnika",
			"student_godina": "2",
			"student_smjestaj": "da"
		},
		{
			"student_id": "48",
			"student_ime": "Jozica",
			"student_prezime": "Tomcic",
			"student_spol": "Muško",
			"student_smjer": "Racunarstvo",
			"student_godina": "2",
			"student_smjestaj": "da"
		},
		{
			"student_id": "49",
			"student_ime": "Vitomir",
			"student_prezime": "Popovic",
			"student_spol": "Muško",
			"student_smjer": "Ekonomika",
			"student_godina": "1",
			"student_smjestaj": "ne"
		},
		{
			"student_id": "50",
			"student_ime": "Andelko",
			"student_prezime": "Franjic",
			"student_spol": "Muško",
			"student_smjer": "Ekonomika",
			"student_godina": "1",
			"student_smjestaj": "da"
		},
		{
			"student_id": "51",
			"student_ime": "Zorka",
			"student_prezime": "Stankic",
			"student_spol": "Žensko",
			"student_smjer": "Ekonomika",
			"student_godina": "3",
			"student_smjestaj": "da"
		},
		{
			"student_id": "52",
			"student_ime": "Milica",
			"student_prezime": "Kovac",
			"student_spol": "Žensko",
			"student_smjer": "Elektrotehnika",
			"student_godina": "2",
			"student_smjestaj": "da"
		},
		{
			"student_id": "53",
			"student_ime": "Jozo",
			"student_prezime": "Lucic",
			"student_spol": "Muško",
			"student_smjer": "Racunarstvo",
			"student_godina": "1",
			"student_smjestaj": "da"
		},
		{
			"student_id": "54",
			"student_ime": "Veljko",
			"student_prezime": "Petrovic",
			"student_spol": "Muško",
			"student_smjer": "Turizam",
			"student_godina": "3",
			"student_smjestaj": "da"
		},
		{
			"student_id": "55",
			"student_ime": "Romana",
			"student_prezime": "Peric",
			"student_spol": "Žensko",
			"student_smjer": "Ekonomika",
			"student_godina": "1",
			"student_smjestaj": "da"
		},
		{
			"student_id": "56",
			"student_ime": "Tihomir",
			"student_prezime": "Vlasic",
			"student_spol": "Muško",
			"student_smjer": "Ekonomika",
			"student_godina": "1",
			"student_smjestaj": "da"
		},
		{
			"student_id": "57",
			"student_ime": "Sime",
			"student_prezime": "Golub",
			"student_spol": "Muško",
			"student_smjer": "Racunarstvo",
			"student_godina": "2",
			"student_smjestaj": "da"
		},
		{
			"student_id": "58",
			"student_ime": "Veljko",
			"student_prezime": "Martinovic",
			"student_spol": "Muško",
			"student_smjer": "Turizam",
			"student_godina": "3",
			"student_smjestaj": "da"
		},
		{
			"student_id": "59",
			"student_ime": "Vladimir",
			"student_prezime": "Tomic",
			"student_spol": "Muško",
			"student_smjer": "Racunarstvo",
			"student_godina": "1",
			"student_smjestaj": "da"
		},
		{
			"student_id": "60",
			"student_ime": "Andela",
			"student_prezime": "Jukic",
			"student_spol": "Žensko",
			"student_smjer": "Turizam",
			"student_godina": "3",
			"student_smjestaj": "da"
		},
		{
			"student_id": "61",
			"student_ime": "Zdeslav",
			"student_prezime": "Vukovic",
			"student_spol": "Muško",
			"student_smjer": "Elektrotehnika",
			"student_godina": "1",
			"student_smjestaj": "da"
		},
		{
			"student_id": "62",
			"student_ime": "Vinka",
			"student_prezime": "Milic",
			"student_spol": "Žensko",
			"student_smjer": "Ekonomika",
			"student_godina": "1",
			"student_smjestaj": "ne"
		},
		{
			"student_id": "63",
			"student_ime": "Natalija",
			"student_prezime": "Pavicic",
			"student_spol": "Žensko",
			"student_smjer": "Racunarstvo",
			"student_godina": "3",
			"student_smjestaj": "da"
		},
		{
			"student_id": "64",
			"student_ime": "Stoja",
			"student_prezime": "Knezevic",
			"student_spol": "Muško",
			"student_smjer": "Ekonomika",
			"student_godina": "1",
			"student_smjestaj": "da"
		},
		{
			"student_id": "65",
			"student_ime": "Julija",
			"student_prezime": "Franic",
			"student_spol": "Žensko",
			"student_smjer": "Elektrotehnika",
			"student_godina": "2",
			"student_smjestaj": "ne"
		},
		{
			"student_id": "66",
			"student_ime": "Ratko",
			"student_prezime": "Brankovic",
			"student_spol": "Muško",
			"student_smjer": "Elektrotehnika",
			"student_godina": "1",
			"student_smjestaj": "da"
		},
		{
			"student_id": "67",
			"student_ime": "Veljko",
			"student_prezime": "Marjanovic",
			"student_spol": "Muško",
			"student_smjer": "Racunarstvo",
			"student_godina": "3",
			"student_smjestaj": "da"
		},
		{
			"student_id": "68",
			"student_ime": "Rahela",
			"student_prezime": "Markovic",
			"student_spol": "Žensko",
			"student_smjer": "Turizam",
			"student_godina": "3",
			"student_smjestaj": "da"
		},
		{
			"student_id": "69",
			"student_ime": "Doris",
			"student_prezime": "Crncevic",
			"student_spol": "Žensko",
			"student_smjer": "Racunarstvo",
			"student_godina": "2",
			"student_smjestaj": "da"
		},
		{
			"student_id": "70",
			"student_ime": "Tajana",
			"student_prezime": "Kralj",
			"student_spol": "Žensko",
			"student_smjer": "Turizam",
			"student_godina": "1",
			"student_smjestaj": "da"
		},
		{
			"student_id": "71",
			"student_ime": "Borislav",
			"student_prezime": "Petric",
			"student_spol": "Muško",
			"student_smjer": "Racunarstvo",
			"student_godina": "1",
			"student_smjestaj": "da"
		},
		{
			"student_id": "72",
			"student_ime": "Pasko",
			"student_prezime": "Kralj",
			"student_spol": "Muško",
			"student_smjer": "Turizam",
			"student_godina": "3",
			"student_smjestaj": "da"
		},
		{
			"student_id": "73",
			"student_ime": "Zdravka",
			"student_prezime": "Blazevic",
			"student_spol": "Žensko",
			"student_smjer": "Racunarstvo",
			"student_godina": "2",
			"student_smjestaj": "da"
		},
		{
			"student_id": "74",
			"student_ime": "Davor",
			"student_prezime": "Radic",
			"student_spol": "Muško",
			"student_smjer": "Turizam",
			"student_godina": "1",
			"student_smjestaj": "da"
		},
		{
			"student_id": "75",
			"student_ime": "Matija",
			"student_prezime": "Vidovic",
			"student_spol": "Muško",
			"student_smjer": "Turizam",
			"student_godina": "1",
			"student_smjestaj": "da"
		},
		{
			"student_id": "76",
			"student_ime": "Slobodan",
			"student_prezime": "Petric",
			"student_spol": "Muško",
			"student_smjer": "Ekonomika",
			"student_godina": "2",
			"student_smjestaj": "da"
		},
		{
			"student_id": "77",
			"student_ime": "Antea",
			"student_prezime": "Herceg",
			"student_spol": "Žensko",
			"student_smjer": "Racunarstvo",
			"student_godina": "3",
			"student_smjestaj": "da"
		},
		{
			"student_id": "78",
			"student_ime": "Tadija",
			"student_prezime": "Milic",
			"student_spol": "Žensko",
			"student_smjer": "Ekonomika",
			"student_godina": "1",
			"student_smjestaj": "da"
		},
		{
			"student_id": "79",
			"student_ime": "Velibor",
			"student_prezime": "Grbic",
			"student_spol": "Muško",
			"student_smjer": "Elektrotehnika",
			"student_godina": "1",
			"student_smjestaj": "da"
		},
		{
			"student_id": "80",
			"student_ime": "Dejan",
			"student_prezime": "Mandic",
			"student_spol": "Muško",
			"student_smjer": "Ekonomika",
			"student_godina": "3",
			"student_smjestaj": "da"
		},
		{
			"student_id": "81",
			"student_ime": "Gordan",
			"student_prezime": "Blazevic",
			"student_spol": "Muško",
			"student_smjer": "Turizam",
			"student_godina": "1",
			"student_smjestaj": "da"
		},
		{
			"student_id": "82",
			"student_ime": "Ivo",
			"student_prezime": "Peric",
			"student_spol": "Muško",
			"student_smjer": "Racunarstvo",
			"student_godina": "3",
			"student_smjestaj": "da"
		},
		{
			"student_id": "83",
			"student_ime": "Karla",
			"student_prezime": "Kasun",
			"student_spol": "Žensko",
			"student_smjer": "Elektrotehnika",
			"student_godina": "1",
			"student_smjestaj": "da"
		},
		{
			"student_id": "84",
			"student_ime": "Predrag",
			"student_prezime": "Simic",
			"student_spol": "Muško",
			"student_smjer": "Ekonomika",
			"student_godina": "2",
			"student_smjestaj": "da"
		},
		{
			"student_id": "85",
			"student_ime": "Tonci",
			"student_prezime": "Tomic",
			"student_spol": "Muško",
			"student_smjer": "Elektrotehnika",
			"student_godina": "3",
			"student_smjestaj": "ne"
		},
		{
			"student_id": "86",
			"student_ime": "Toni",
			"student_prezime": "Marusic",
			"student_spol": "Muško",
			"student_smjer": "Turizam",
			"student_godina": "1",
			"student_smjestaj": "da"
		},
		{
			"student_id": "87",
			"student_ime": "Milena",
			"student_prezime": "Crncevic",
			"student_spol": "Žensko",
			"student_smjer": "Turizam",
			"student_godina": "1",
			"student_smjestaj": "ne"
		},
		{
			"student_id": "88",
			"student_ime": "Jelena",
			"student_prezime": "Jukic",
			"student_spol": "Žensko",
			"student_smjer": "Ekonomika",
			"student_godina": "2",
			"student_smjestaj": "da"
		},
		{
			"student_id": "89",
			"student_ime": "Brankica",
			"student_prezime": "Basic",
			"student_spol": "Žensko",
			"student_smjer": "Racunarstvo",
			"student_godina": "3",
			"student_smjestaj": "da"
		},
		{
			"student_id": "90",
			"student_ime": "Pavo",
			"student_prezime": "Kokot",
			"student_spol": "Muško",
			"student_smjer": "Turizam",
			"student_godina": "1",
			"student_smjestaj": "da"
		},
		{
			"student_id": "91",
			"student_ime": "Kruno",
			"student_prezime": "Pavletic",
			"student_spol": "Muško",
			"student_smjer": "Racunarstvo",
			"student_godina": "1",
			"student_smjestaj": "ne"
		},
		{
			"student_id": "92",
			"student_ime": "Andrea",
			"student_prezime": "Dragovic",
			"student_spol": "Žensko",
			"student_smjer": "Racunarstvo",
			"student_godina": "3",
			"student_smjestaj": "da"
		},
		{
			"student_id": "93",
			"student_ime": "Gabrijel",
			"student_prezime": "Pavicic",
			"student_spol": "Muško",
			"student_smjer": "Turizam",
			"student_godina": "3",
			"student_smjestaj": "da"
		},
		{
			"student_id": "94",
			"student_ime": "Ivana",
			"student_prezime": "Knezevic",
			"student_spol": "Žensko",
			"student_smjer": "Ekonomika",
			"student_godina": "2",
			"student_smjestaj": "da"
		},
		{
			"student_id": "95",
			"student_ime": "Smiljana",
			"student_prezime": "Lovric",
			"student_spol": "Žensko",
			"student_smjer": "Elektrotehnika",
			"student_godina": "1",
			"student_smjestaj": "ne"
		},
		{
			"student_id": "96",
			"student_ime": "Lucija",
			"student_prezime": "Babic",
			"student_spol": "Žensko",
			"student_smjer": "Racunarstvo",
			"student_godina": "1",
			"student_smjestaj": "ne"
		},
		{
			"student_id": "97",
			"student_ime": "Roman",
			"student_prezime": "Radic",
			"student_spol": "Muško",
			"student_smjer": "Elektrotehnika",
			"student_godina": "3",
			"student_smjestaj": "da"
		},
		{
			"student_id": "98",
			"student_ime": "Mila",
			"student_prezime": "Stojanovic",
			"student_spol": "Žensko",
			"student_smjer": "Elektrotehnika",
			"student_godina": "1",
			"student_smjestaj": "da"
		},
		{
			"student_id": "99",
			"student_ime": "Srecko",
			"student_prezime": "Dragic",
			"student_spol": "Muško",
			"student_smjer": "Racunarstvo",
			"student_godina": "3",
			"student_smjestaj": "da"
		},
		{
			"student_id": "100",
			"student_ime": "Renata",
			"student_prezime": "Simunovic",
			"student_spol": "Žensko",
			"student_smjer": "Turizam",
			"student_godina": "1",
			"student_smjestaj": "da"
		},
		{
			"student_id": "101",
			"student_ime": "Stefanija",
			"student_prezime": "Babic",
			"student_spol": "Žensko",
			"student_smjer": "Elektrotehnika",
			"student_godina": "2",
			"student_smjestaj": "ne"
		},
		{
			"student_id": "102",
			"student_ime": "Zivko",
			"student_prezime": "Ivankovic",
			"student_spol": "Muško",
			"student_smjer": "Elektrotehnika",
			"student_godina": "1",
			"student_smjestaj": "ne"
		},
		{
			"student_id": "103",
			"student_ime": "Lucijan",
			"student_prezime": "Marjanovic",
			"student_spol": "Muško",
			"student_smjer": "Ekonomika",
			"student_godina": "3",
			"student_smjestaj": "da"
		},
		{
			"student_id": "104",
			"student_ime": "Bernard",
			"student_prezime": "Filipovic",
			"student_spol": "Muško",
			"student_smjer": "Ekonomika",
			"student_godina": "3",
			"student_smjestaj": "da"
		},
		{
			"student_id": "105",
			"student_ime": "Bartolomej",
			"student_prezime": "Maric",
			"student_spol": "Muško",
			"student_smjer": "Turizam",
			"student_godina": "1",
			"student_smjestaj": "da"
		},
		{
			"student_id": "106",
			"student_ime": "Vesna",
			"student_prezime": "Lucic",
			"student_spol": "Žensko",
			"student_smjer": "Racunarstvo",
			"student_godina": "1",
			"student_smjestaj": "da"
		},
		{
			"student_id": "107",
			"student_ime": "Jadran",
			"student_prezime": "Broz",
			"student_spol": "Muško",
			"student_smjer": "Elektrotehnika",
			"student_godina": "2",
			"student_smjestaj": "da"
		},
		{
			"student_id": "108",
			"student_ime": "Igor",
			"student_prezime": "Perko",
			"student_spol": "Muško",
			"student_smjer": "Elektrotehnika",
			"student_godina": "1",
			"student_smjestaj": "da"
		},
		{
			"student_id": "109",
			"student_ime": "Nedeljka",
			"student_prezime": "Kolaric",
			"student_spol": "Žensko",
			"student_smjer": "Turizam",
			"student_godina": "1",
			"student_smjestaj": "ne"
		},
		{
			"student_id": "110",
			"student_ime": "Vjekoslav",
			"student_prezime": "Popovic",
			"student_spol": "Muško",
			"student_smjer": "Elektrotehnika",
			"student_godina": "2",
			"student_smjestaj": "ne"
		},
		{
			"student_id": "111",
			"student_ime": "Durdica",
			"student_prezime": "Kokot",
			"student_spol": "Žensko",
			"student_smjer": "Elektrotehnika",
			"student_godina": "1",
			"student_smjestaj": "ne"
		},
		{
			"student_id": "112",
			"student_ime": "Bartol",
			"student_prezime": "Adamic",
			"student_spol": "Muško",
			"student_smjer": "Racunarstvo",
			"student_godina": "1",
			"student_smjestaj": "da"
		},
		{
			"student_id": "113",
			"student_ime": "Andrijana",
			"student_prezime": "Pavic",
			"student_spol": "Žensko",
			"student_smjer": "Racunarstvo",
			"student_godina": "1",
			"student_smjestaj": "da"
		},
		{
			"student_id": "114",
			"student_ime": "Jozica",
			"student_prezime": "Zivkovic",
			"student_spol": "Žensko",
			"student_smjer": "Elektrotehnika",
			"student_godina": "1",
			"student_smjestaj": "da"
		},
		{
			"student_id": "115",
			"student_ime": "Dejana",
			"student_prezime": "Cosic",
			"student_spol": "Žensko",
			"student_smjer": "Ekonomika",
			"student_godina": "1",
			"student_smjestaj": "ne"
		},
		{
			"student_id": "116",
			"student_ime": "Daniel",
			"student_prezime": "Perko",
			"student_spol": "Muško",
			"student_smjer": "Racunarstvo",
			"student_godina": "1",
			"student_smjestaj": "da"
		},
		{
			"student_id": "117",
			"student_ime": "Barbara",
			"student_prezime": "Brankovic",
			"student_spol": "Žensko",
			"student_smjer": "Ekonomika",
			"student_godina": "1",
			"student_smjestaj": "ne"
		},
		{
			"student_id": "118",
			"student_ime": "Nenad",
			"student_prezime": "Grbic",
			"student_spol": "Muško",
			"student_smjer": "Elektrotehnika",
			"student_godina": "1",
			"student_smjestaj": "ne"
		},
		{
			"student_id": "119",
			"student_ime": "Katarina",
			"student_prezime": "Jerkovic",
			"student_spol": "Žensko",
			"student_smjer": "Racunarstvo",
			"student_godina": "2",
			"student_smjestaj": "ne"
		},
		{
			"student_id": "120",
			"student_ime": "Matija",
			"student_prezime": "Kosar",
			"student_spol": "Muško",
			"student_smjer": "Racunarstvo",
			"student_godina": "3",
			"student_smjestaj": "ne"
		}
	],

	"sobe": [{
		"soba_id": "101",
		"soba_vrsta": "Jednokrevetna",
		"soba_kat": "Prizemlje",
		"soba_student1": ""
	},
	{
		"soba_id": "102",
		"soba_vrsta": "Jednokrevetna",
		"soba_kat": "Prizemlje",
		"soba_student1": ""
	},
	{
		"soba_id": "103",
		"soba_vrsta": "Jednokrevetna",
		"soba_kat": "Prizemlje",
		"soba_student1": ""
	},
	{
		"soba_id": "104",
		"soba_vrsta": "Dvokrevetna",
		"soba_kat": "Prizemlje",
		"soba_student1": "",
		"soba_student2": ""
	},
	{
		"soba_id": "105",
		"soba_vrsta": "Dvokrevetna",
		"soba_kat": "Prizemlje",
		"soba_student1": "",
		"soba_student2": ""
	},
	{
		"soba_id": "106",
		"soba_vrsta": "Dvokrevetna",
		"soba_kat": "Prizemlje",
		"soba_student1": "",
		"soba_student2": ""
	},
	{
		"soba_id": "107",
		"soba_vrsta": "Dvokrevetna",
		"soba_kat": "Prizemlje",
		"soba_student1": "",
		"soba_student2": ""
	},
	{
		"soba_id": "108",
		"soba_vrsta": "Dvokrevetna",
		"soba_kat": "Prizemlje",
		"soba_student1": "",
		"soba_student2": ""
	},
	{
		"soba_id": "109",
		"soba_vrsta": "Dvokrevetna",
		"soba_kat": "Prizemlje",
		"soba_student1": "",
		"soba_student2": ""
	},
	{
		"soba_id": "110",
		"soba_vrsta": "Dvokrevetna",
		"soba_kat": "Prizemlje",
		"soba_student1": "",
		"soba_student2": ""
	},
	{
		"soba_id": "111",
		"soba_vrsta": "Dvokrevetna",
		"soba_kat": "Prizemlje",
		"soba_student1": "",
		"soba_student2": ""
	},
	{
		"soba_id": "112",
		"soba_vrsta": "Dvokrevetna",
		"soba_kat": "Prizemlje",
		"soba_student1": "",
		"soba_student2": ""
	},
	{
		"soba_id": "113",
		"soba_vrsta": "Dvokrevetna",
		"soba_kat": "Prizemlje",
		"soba_student1": "",
		"soba_student2": ""
	},
	{
		"soba_id": "114",
		"soba_vrsta": "Dvokrevetna",
		"soba_kat": "Prizemlje",
		"soba_student1": "",
		"soba_student2": ""
	},
	{
		"soba_id": "115",
		"soba_vrsta": "Dvokrevetna",
		"soba_kat": "Prizemlje",
		"soba_student1": "",
		"soba_student2": ""
	},
	{
		"soba_id": "116",
		"soba_vrsta": "Dvokrevetna",
		"soba_kat": "Prizemlje",
		"soba_student1": "",
		"soba_student2": ""
	},
	{
		"soba_id": "117",
		"soba_vrsta": "Dvokrevetna",
		"soba_kat": "Prizemlje",
		"soba_student1": "",
		"soba_student2": ""
	},
	{
		"soba_id": "118",
		"soba_vrsta": "Dvokrevetna",
		"soba_kat": "Prizemlje",
		"soba_student1": "",
		"soba_student2": ""
	},
	{
		"soba_id": "119",
		"soba_vrsta": "Dvokrevetna",
		"soba_kat": "Prizemlje",
		"soba_student1": "",
		"soba_student2": ""
	},
	{
		"soba_id": "120",
		"soba_vrsta": "Dvokrevetna",
		"soba_kat": "Prizemlje",
		"soba_student1": "",
		"soba_student2": ""
	},
	{
		"soba_id": "121",
		"soba_vrsta": "Dvokrevetna",
		"soba_kat": "Prizemlje",
		"soba_student1": "",
		"soba_student2": ""
	},
	{
		"soba_id": "201",
		"soba_vrsta": "Jednokrevetna",
		"soba_kat": "Prvi",
		"soba_student1": ""
	},
	{
		"soba_id": "202",
		"soba_vrsta": "Jednokrevetna",
		"soba_kat": "Prvi",
		"soba_student1": ""
	},
	{
		"soba_id": "203",
		"soba_vrsta": "Jednokrevetna",
		"soba_kat": "Prvi",
		"soba_student1": ""
	},
	{
		"soba_id": "204",
		"soba_vrsta": "Jednokrevetna",
		"soba_kat": "Prvi",
		"soba_student1": ""
	},
	{
		"soba_id": "205",
		"soba_vrsta": "Jednokrevetna",
		"soba_kat": "Prvi",
		"soba_student1": ""
	},
	{
		"soba_id": "206",
		"soba_vrsta": "Dvokrevetna",
		"soba_kat": "Prvi",
		"soba_student1": "",
		"soba_student2": ""
	},
	{
		"soba_id": "207",
		"soba_vrsta": "Dvokrevetna",
		"soba_kat": "Prvi",
		"soba_student1": "",
		"soba_student2": ""
	},
	{
		"soba_id": "208",
		"soba_vrsta": "Dvokrevetna",
		"soba_kat": "Prvi",
		"soba_student1": "",
		"soba_student2": ""
	},
	{
		"soba_id": "209",
		"soba_vrsta": "Dvokrevetna",
		"soba_kat": "Prvi",
		"soba_student1": "",
		"soba_student2": ""
	},
	{
		"soba_id": "210",
		"soba_vrsta": "Dvokrevetna",
		"soba_kat": "Prvi",
		"soba_student1": "",
		"soba_student2": ""
	},
	{
		"soba_id": "211",
		"soba_vrsta": "Dvokrevetna",
		"soba_kat": "Prvi",
		"soba_student1": "",
		"soba_student2": ""
	},
	{
		"soba_id": "212",
		"soba_vrsta": "Dvokrevetna",
		"soba_kat": "Prvi",
		"soba_student1": "",
		"soba_student2": ""
	},
	{
		"soba_id": "213",
		"soba_vrsta": "Dvokrevetna",
		"soba_kat": "Prvi",
		"soba_student1": "",
		"soba_student2": ""
	},
	{
		"soba_id": "214",
		"soba_vrsta": "Dvokrevetna",
		"soba_kat": "Prvi",
		"soba_student1": "",
		"soba_student2": ""
	},
	{
		"soba_id": "215",
		"soba_vrsta": "Dvokrevetna",
		"soba_kat": "Prvi",
		"soba_student1": "",
		"soba_student2": ""
	},
	{
		"soba_id": "216",
		"soba_vrsta": "Dvokrevetna",
		"soba_kat": "Prvi",
		"soba_student1": "",
		"soba_student2": ""
	},
	{
		"soba_id": "217",
		"soba_vrsta": "Dvokrevetna",
		"soba_kat": "Prvi",
		"soba_student1": "",
		"soba_student2": ""
	},
	{
		"soba_id": "218",
		"soba_vrsta": "Dvokrevetna",
		"soba_kat": "Prvi",
		"soba_student1": "",
		"soba_student2": ""
	},
	{
		"soba_id": "219",
		"soba_vrsta": "Dvokrevetna",
		"soba_kat": "Prvi",
		"soba_student1": "",
		"soba_student2": ""
	},
	{
		"soba_id": "220",
		"soba_vrsta": "Dvokrevetna",
		"soba_kat": "Prvi",
		"soba_student1": "",
		"soba_student2": ""
	},
	{
		"soba_id": "221",
		"soba_vrsta": "Dvokrevetna",
		"soba_kat": "Prvi",
		"soba_student1": "",
		"soba_student2": ""
	},
	{
		"soba_id": "222",
		"soba_vrsta": "Dvokrevetna",
		"soba_kat": "Prvi",
		"soba_student1": "",
		"soba_student2": ""
	},
	{
		"soba_id": "223",
		"soba_vrsta": "Dvokrevetna",
		"soba_kat": "Prvi",
		"soba_student1": "",
		"soba_student2": ""
	},
	{
		"soba_id": "301",
		"soba_vrsta": "Dvokrevetna",
		"soba_kat": "Drugi",
		"soba_student1": "",
		"soba_student2": ""
	},
	{
		"soba_id": "302",
		"soba_vrsta": "Dvokrevetna",
		"soba_kat": "Drugi",
		"soba_student1": "",
		"soba_student2": ""
	},
	{
		"soba_id": "303",
		"soba_vrsta": "Dvokrevetna",
		"soba_kat": "Drugi",
		"soba_student1": "",
		"soba_student2": ""
	},
	{
		"soba_id": "304",
		"soba_vrsta": "Dvokrevetna",
		"soba_kat": "Drugi",
		"soba_student1": "",
		"soba_student2": ""
	},
	{
		"soba_id": "305",
		"soba_vrsta": "Dvokrevetna",
		"soba_kat": "Drugi",
		"soba_student1": "",
		"soba_student2": ""
	},
	{
		"soba_id": "306",
		"soba_vrsta": "Dvokrevetna",
		"soba_kat": "Drugi",
		"soba_student1": "",
		"soba_student2": ""
	},
	{
		"soba_id": "307",
		"soba_vrsta": "Dvokrevetna",
		"soba_kat": "Drugi",
		"soba_student1": "",
		"soba_student2": ""
	},
	{
		"soba_id": "308",
		"soba_vrsta": "Dvokrevetna",
		"soba_kat": "Drugi",
		"soba_student1": "",
		"soba_student2": ""
	},
	{
		"soba_id": "309",
		"soba_vrsta": "Dvokrevetna",
		"soba_kat": "Drugi",
		"soba_student1": "",
		"soba_student2": ""
	},
	{
		"soba_id": "310",
		"soba_vrsta": "Dvokrevetna",
		"soba_kat": "Drugi",
		"soba_student1": "",
		"soba_student2": ""
	},
	{
		"soba_id": "311",
		"soba_vrsta": "Dvokrevetna",
		"soba_kat": "Drugi",
		"soba_student1": "",
		"soba_student2": ""
	},
	{
		"soba_id": "312",
		"soba_vrsta": "Dvokrevetna",
		"soba_kat": "Drugi",
		"soba_student1": "",
		"soba_student2": ""
	},
	{
		"soba_id": "313",
		"soba_vrsta": "Dvokrevetna",
		"soba_kat": "Drugi",
		"soba_student1": "",
		"soba_student2": ""
	},
	{
		"soba_id": "314",
		"soba_vrsta": "Dvokrevetna",
		"soba_kat": "Drugi",
		"soba_student1": "",
		"soba_student2": ""
	},
	{
		"soba_id": "315",
		"soba_vrsta": "Dvokrevetna",
		"soba_kat": "Drugi",
		"soba_student1": "",
		"soba_student2": ""
	},
	{
		"soba_id": "316",
		"soba_vrsta": "Dvokrevetna",
		"soba_kat": "Drugi",
		"soba_student1": "",
		"soba_student2": ""
	},
	{
		"soba_id": "317",
		"soba_vrsta": "Dvokrevetna",
		"soba_kat": "Drugi",
		"soba_student1": "",
		"soba_student2": ""
	},
	{
		"soba_id": "318",
		"soba_vrsta": "Dvokrevetna",
		"soba_kat": "Drugi",
		"soba_student1": "",
		"soba_student2": ""
	}
]
}